episode,epsilon,Q_Up,Q_Down,Q_LEFT,Q_RIGHT,visits
0,1.0,0.0,0.0,-0.19,-1000.0,3.0
1,0.9999901,0.0,0.0,-0.19,-1000.0,3.0
2,0.9999802,0.0,0.0,-0.19,-1000.0,3.0
3,0.9999703,-0.1,0.0,-0.19,-1810.0900000000001,6.0
4,0.9999604,-0.19,0.0,-0.34390000000000004,-2629.081,10.0
5,0.9999505,-0.19,-0.1,-0.34390000000000004,-3366.1729,12.0
6,0.9999406,-0.28981,-0.1,-0.34390000000000004,-4029.5556100000003,14.0
7,0.9999307,-0.28981,-0.1,-0.34390000000000004,-4626.600049000001,15.0
8,0.9999208,-0.28981,-0.1,-0.34390000000000004,-4626.600049000001,15.0
9,0.9999109,-0.28981,-0.1,-0.34390000000000004,-4626.600049000001,15.0
10,0.999901,-0.28981,-0.1,-0.34390000000000004,-4626.600049000001,15.0
11,0.9998911,-0.37072900000000003,-0.1,-0.34390000000000004,-5163.940044100001,17.0
12,0.9998812,-0.37072900000000003,-0.1,-0.34390000000000004,-5163.940044100001,17.0
13,0.9998713,-1000.3336561,-0.19990000000000002,-0.34390000000000004,-5163.940044100001,19.0
14,0.9998614,-1000.3336561,-0.19990000000000002,-0.34390000000000004,-5163.940044100001,19.0
15,0.9998515,-1000.3336561,-0.19990000000000002,-0.34390000000000004,-5163.940044100001,19.0
16,0.9998416,-900.44171407,-0.19990000000000002,-0.34390000000000004,-5163.940044100001,20.0
17,0.9998317,-900.44171407,-0.19990000000000002,-0.34390000000000004,-5163.940044100001,20.0
18,0.9998218,-729.6264931987,-0.91078939642677,-0.63820238846051,-4183.05161785059,35.0
19,0.9998119,-656.81806916863,-0.91078939642677,-0.63820238846051,-4183.05161785059,36.0
20,0.999802,-656.81806916863,-0.91078939642677,-0.63820238846051,-3764.9061389263516,37.0
21,0.9997921,-656.81806916863,-0.91078939642677,-0.63820238846051,-3764.9061389263516,37.0
22,0.9997822,-656.81806916863,-0.91078939642677,-0.63820238846051,-3764.9061389263516,37.0
23,0.9997723,-656.81806916863,-0.91078939642677,-0.63820238846051,-3764.9061389263516,37.0
24,0.9997624,-656.81806916863,-0.91078939642677,-0.63820238846051,-3764.9061389263516,37.0
25,0.9997525,-656.81806916863,-0.91078939642677,-0.63820238846051,-3764.9061389263516,37.0
26,0.9997426,-591.3362792433685,-0.91078939642677,-0.7783652907214486,-3764.9061389263516,39.0
27,0.9997327,-591.3362792433685,-0.91078939642677,-0.7783652907214486,-3764.9061389263516,39.0
28,0.9997228,-591.3362792433685,-0.91078939642677,-0.7783652907214486,-3764.9061389263516,39.0
29,0.9997129,-591.3362792433685,-0.91078939642677,-0.7783652907214486,-3764.9061389263516,39.0
30,0.999703,-591.3362792433685,-0.91078939642677,-0.7783652907214486,-3764.9061389263516,39.0
31,0.9996931,-591.3362792433685,-0.91078939642677,-0.7783652907214486,-3764.9061389263516,39.0
32,0.9996832,-591.3362792433685,-0.91078939642677,-0.7783652907214486,-3764.9061389263516,39.0
33,0.9996733,-591.3362792433685,-0.91078939642677,-0.7783652907214486,-3764.9061389263516,39.0
34,0.9996634,-591.3362792433685,-0.91078939642677,-0.7783652907214486,-3764.9061389263516,39.0
35,0.9996535,-591.3362792433685,-0.91078939642677,-0.7783652907214486,-3764.9061389263516,39.0
36,0.9996436,-591.3362792433685,-0.91078939642677,-0.7783652907214486,-3764.9061389263516,39.0
37,0.9996337,-591.3362792433685,-0.91078939642677,-0.7783652907214486,-3764.9061389263516,39.0
38,0.9996238,-591.3362792433685,-0.91078939642677,-0.7783652907214486,-3764.9061389263516,39.0
39,0.9996139,-591.3362792433685,-0.91078939642677,-0.7783652907214486,-3764.9061389263516,39.0
40,0.999604,-591.3362792433685,-0.91078939642677,-0.7783652907214486,-3764.9061389263516,39.0
41,0.9995941,-591.3362792433685,-0.91078939642677,-0.7783652907214486,-3764.9061389263516,39.0
42,0.9995842,-591.3362792433685,-0.91078939642677,-0.7783652907214486,-3764.9061389263516,39.0
43,0.9995743,-591.3362792433685,-0.91078939642677,-0.7783652907214486,-3764.9061389263516,39.0
44,0.9995644,-591.3362792433685,-0.91078939642677,-0.7783652907214486,-3764.9061389263516,39.0
45,0.9995545,-532.4322468981179,-0.91078939642677,-0.7783652907214486,-3764.9061389263516,40.0
46,0.9995446,-532.4322468981179,-0.91078939642677,-0.7783652907214486,-3764.9061389263516,40.0
47,0.9995347,-532.4322468981179,-0.91078939642677,-0.7783652907214486,-3764.9061389263516,40.0
48,0.9995248,-532.4322468981179,-0.91078939642677,-0.7783652907214486,-3764.9061389263516,40.0
49,0.9995149,-532.4322468981179,-0.91078939642677,-0.7783652907214486,-3764.9061389263516,40.0
50,0.999505,-532.4322468981179,-0.91078939642677,-0.7783652907214486,-3764.9061389263516,40.0
51,0.9994951,-532.4322468981179,-0.91078939642677,-0.7783652907214486,-3764.9061389263516,40.0
52,0.9994852,-479.4570105814217,-0.9967686205655164,-0.7783652907214486,-3764.9061389263516,42.0
53,0.9994753,-479.4570105814217,-0.9967686205655164,-0.7783652907214486,-3764.9061389263516,42.0
54,0.9994654,-479.4570105814217,-0.9967686205655164,-0.7783652907214486,-3764.9061389263516,42.0
55,0.9994555,-479.4570105814217,-0.9967686205655164,-0.7783652907214486,-3764.9061389263516,42.0
56,0.9994456,-479.4570105814217,-0.9967686205655164,-0.7783652907214486,-3764.9061389263516,42.0
57,0.9994357,-479.4570105814217,-0.9967686205655164,-0.7783652907214486,-3764.9061389263516,42.0
58,0.9994258,-479.4570105814217,-0.9967686205655164,-0.7783652907214486,-3764.9061389263516,42.0
59,0.9994159,-479.4570105814217,-0.9967686205655164,-0.7783652907214486,-3764.9061389263516,42.0
60,0.999406,-479.4570105814217,-0.9967686205655164,-0.7783652907214486,-3764.9061389263516,42.0
61,0.9993961,-479.4570105814217,-0.9967686205655164,-0.7783652907214486,-3764.9061389263516,42.0
62,0.9993862,-1431.5113095232796,-0.9967686205655164,-1.166839459686098,-3388.6122192582284,48.0
63,0.9993763,-1431.5113095232796,-0.9967686205655164,-1.166839459686098,-3388.6122192582284,48.0
64,0.9993664,-1431.5113095232796,-0.9967686205655164,-1.166839459686098,-3388.6122192582284,48.0
65,0.9993565,-1431.5113095232796,-0.9967686205655164,-1.166839459686098,-3388.6122192582284,48.0
66,0.9993466,-1431.5113095232796,-1000.9861946667504,-1.166839459686098,-3388.6122192582284,50.0
67,0.9993367,-1431.5113095232796,-1000.9861946667504,-1.166839459686098,-3388.6122192582284,50.0
68,0.9993268,-1288.6316943648183,-1000.9861946667504,-1.166839459686098,-3388.6122192582284,51.0
69,0.9993169,-1288.6316943648183,-1000.9861946667504,-1.166839459686098,-3388.6122192582284,51.0
70,0.999307,-1288.6316943648183,-1000.9861946667504,-1.166839459686098,-3388.6122192582284,51.0
71,0.9992971,-1288.6316943648183,-1000.9861946667504,-1.166839459686098,-3388.6122192582284,51.0
72,0.9992872,-1288.6316943648183,-1000.9861946667504,-1.166839459686098,-3388.6122192582284,51.0
73,0.9992773,-1288.6316943648183,-1000.9861946667504,-1.166839459686098,-3388.6122192582284,51.0
74,0.9992674,-1160.0685757386568,-901.1030923065842,-1.166839459686098,-3388.6122192582284,53.0
75,0.9992575,-1160.0685757386568,-901.1030923065842,-1.265672620226412,-4049.750997332406,55.0
76,0.9992476,-1160.0685757386568,-901.1030923065842,-1.265672620226412,-4049.750997332406,55.0
77,0.9992377,-1160.0685757386568,-901.1030923065842,-1.265672620226412,-4049.750997332406,55.0
78,0.9992278,-1160.0685757386568,-901.1030923065842,-1.3644069476061855,-4644.775897599166,57.0
79,0.9992179,-2044.0617181647913,-901.1030923065842,-1.3644069476061855,-4644.775897599166,58.0
80,0.999208,-1839.978115120357,-901.1030923065842,-1.4630425406585794,-4180.622859014031,61.0
81,0.9991981,-1839.978115120357,-901.1030923065842,-1.4630425406585794,-4180.622859014031,61.0
82,0.9991882,-1839.978115120357,-901.1030923065842,-1.4630425406585794,-4180.622859014031,61.0
83,0.9991783,-1839.978115120357,-901.1030923065842,-1.4630425406585794,-4180.622859014031,61.0
84,0.9991684,-1839.978115120357,-901.1030923065842,-1.4630425406585794,-4180.622859014031,61.0
85,0.9991585,-1491.0350412291887,-811.237624287451,-1.659296739015237,-4762.560573112628,66.0
86,0.9991486,-1491.0350412291887,-730.3781322358684,-1.659296739015237,-5286.304515801365,68.0
87,0.9991387,-1491.0350412291887,-730.3781322358684,-1.659296739015237,-5286.304515801365,68.0
88,0.9991288,-1491.0350412291887,-730.3781322358684,-1.659296739015237,-5757.674064221228,69.0
89,0.9991189,-1491.0350412291887,-657.6045893894441,-1.659296739015237,-6181.906657799105,71.0
90,0.999109,-1491.0350412291887,-657.6045893894441,-1.659296739015237,-6181.906657799105,71.0
91,0.9990991,-1342.281904595371,-657.6045893894441,-1.659296739015237,-6181.906657799105,72.0
92,0.9990892,-1342.281904595371,-657.6045893894441,-1.659296739015237,-6181.906657799105,72.0
93,0.9990793,-1342.281904595371,-657.6045893894441,-1.659296739015237,-6181.906657799105,72.0
94,0.9990694,-1342.281904595371,-657.6045893894441,-1.659296739015237,-6181.906657799105,72.0
95,0.9990595,-2208.053714135834,-657.6045893894441,-1.659296739015237,-6181.906657799105,73.0
96,0.9990496,-2208.053714135834,-657.6045893894441,-1.659296739015237,-6181.906657799105,73.0
97,0.9990397,-2208.053714135834,-657.6045893894441,-1.659296739015237,-6563.715992019194,74.0
98,0.9990298,-2208.053714135834,-592.1084008276622,-1.7576374422762218,-6907.344392817275,77.0
99,0.9990199,-2208.053714135834,-592.1084008276622,-1.7576374422762218,-6907.344392817275,77.0
100,0.99901,-2208.053714135834,-592.1084008276622,-1.7576374422762218,-6907.344392817275,77.0
101,0.9990001,-2208.053714135834,-592.1084008276622,-1.936256534325017,-6907.344392817275,78.0
102,0.9989902,-2208.053714135834,-592.1084008276622,-1.936256534325017,-6907.344392817275,78.0
103,0.9989803,-2208.053714135834,-592.1084008276622,-1.936256534325017,-6907.344392817275,78.0
104,0.9989704,-2208.053714135834,-592.1084008276622,-1.936256534325017,-6907.344392817275,78.0
105,0.9989605,-1987.6061645251923,-480.18046031465883,-2.034320277790692,-6216.901642932446,83.0
106,0.9989506,-1789.2033698756147,-480.18046031465883,-2.034320277790692,-6216.901642932446,84.0
107,0.9989407,-1789.2033698756147,-480.18046031465883,-2.034320277790692,-6216.901642932446,84.0
108,0.9989308,-1789.2033698756147,-480.18046031465883,-2.034320277790692,-6216.901642932446,84.0
109,0.9989209,-1789.2033698756147,-1432.162414283193,-2.034320277790692,-6216.901642932446,85.0
110,0.998911,-1789.2033698756147,-1432.162414283193,-2.034320277790692,-6595.211478639201,86.0
111,0.9989011,-1789.2033698756147,-1432.162414283193,-2.034320277790692,-6595.211478639201,86.0
112,0.9988912,-1789.2033698756147,-1432.162414283193,-2.034320277790692,-6595.211478639201,86.0
113,0.9988813,-1789.2033698756147,-1432.162414283193,-2.034320277790692,-6595.211478639201,86.0
114,0.9988714,-1789.2033698756147,-1432.162414283193,-2.034320277790692,-6595.211478639201,86.0
115,0.9988615,-1789.2033698756147,-1432.162414283193,-2.034320277790692,-6595.211478639201,86.0
116,0.9988516,-1789.2033698756147,-1432.162414283193,-2.034320277790692,-6595.211478639201,86.0
117,0.9988417,-1789.2033698756147,-1432.162414283193,-2.034320277790692,-6595.211478639201,86.0
118,0.9988318,-2610.283032888053,-1432.162414283193,-2.034320277790692,-6595.211478639201,87.0
119,0.9988219,-2610.283032888053,-1432.162414283193,-2.034320277790692,-6595.211478639201,87.0
120,0.998812,-2610.283032888053,-1432.162414283193,-2.034320277790692,-6935.690330775281,88.0
121,0.9988021,-2610.283032888053,-1432.162414283193,-2.034320277790692,-6935.690330775281,88.0
122,0.9987922,-2610.283032888053,-1432.162414283193,-2.034320277790692,-6935.690330775281,88.0
123,0.9987823,-2349.6610875762067,-1432.162414283193,-2.034320277790692,-6935.690330775281,89.0
124,0.9987724,-2115.1013367955447,-1432.162414283193,-2.034320277790692,-6935.690330775281,90.0
125,0.9987625,-2115.1013367955447,-1432.162414283193,-2.034320277790692,-6935.690330775281,90.0
126,0.9987526,-2115.1013367955447,-1432.162414283193,-2.034320277790692,-6935.690330775281,90.0
127,0.9987427,-2115.1013367955447,-1432.162414283193,-2.034320277790692,-6935.690330775281,90.0
128,0.9987328,-2115.1013367955447,-1432.162414283193,-2.034320277790692,-6935.690330775281,90.0
129,0.9987229,-2115.1013367955447,-1432.162414283193,-2.034320277790692,-6935.690330775281,90.0
130,0.998713,-2115.1013367955447,-1432.162414283193,-2.034320277790692,-6935.690330775281,90.0
131,0.9987031,-2115.1013367955447,-1432.162414283193,-2.034320277790692,-6935.690330775281,90.0
132,0.9986932,-2115.1013367955447,-1432.162414283193,-2.034320277790692,-6935.690330775281,90.0
133,0.9986833,-2115.1013367955447,-1432.162414283193,-2.034320277790692,-7242.121297697753,91.0
134,0.9986734,-2115.1013367955447,-1432.162414283193,-2.3408375405927497,-7242.121297697753,93.0
135,0.9986635,-2115.1013367955447,-1289.2779157713924,-2.3408375405927497,-7517.909167927978,95.0
136,0.9986536,-2115.1013367955447,-1289.2779157713924,-2.3408375405927497,-7517.909167927978,95.0
137,0.9986437,-2115.1013367955447,-1940.450880984592,-2.3408375405927497,-7517.909167927978,98.0
138,0.9986338,-2115.1013367955447,-1940.450880984592,-2.3408375405927497,-7517.909167927978,98.0
139,0.9986239,-1904.0320797662014,-1940.450880984592,-2.3408375405927497,-7517.909167927978,99.0
140,0.998614,-1904.0320797662014,-1940.450880984592,-2.3408375405927497,-7517.909167927978,99.0
141,0.9986041,-1904.0320797662014,-1940.450880984592,-2.3408375405927497,-7517.909167927978,99.0
142,0.9985942,-1904.0320797662014,-1940.450880984592,-2.3408375405927497,-7517.909167927978,99.0
143,0.9985843,-1904.0320797662014,-1940.450880984592,-2.3408375405927497,-7517.909167927978,99.0
144,0.9985744,-1904.0320797662014,-1940.450880984592,-2.3408375405927497,-7517.909167927978,99.0
145,0.9985645,-1713.9799415520097,-1415.5593795054938,-2.8281577373686186,-7089.839748198238,110.0
146,0.9985546,-1713.9799415520097,-1415.5593795054938,-2.8281577373686186,-7089.839748198238,110.0
147,0.9985447,-1543.0263551559826,-1415.5593795054938,-2.8281577373686186,-7380.855773378415,112.0
148,0.9985348,-1389.1741655958847,-1415.5593795054938,-2.8281577373686186,-7380.855773378415,113.0
149,0.9985249,-1250.726088171356,-1274.4122603576789,-3.119381845801567,-7642.770196040573,119.0
150,0.998515,-1250.726088171356,-1274.4122603576789,-3.119381845801567,-7642.770196040573,119.0
151,0.9985051,-1250.726088171356,-1274.4122603576789,-3.119381845801567,-7642.770196040573,119.0
152,0.9984952,-1250.726088171356,-1274.4122603576789,-3.119381845801567,-7642.770196040573,119.0
153,0.9984853,-1013.9955188094159,-1147.3798531246453,-3.2162624639557658,-6572.287185129331,126.0
154,0.9984754,-913.0892226799384,-1147.3798531246453,-3.2162624639557658,-6572.287185129331,127.0
155,0.9984655,-822.2756531766715,-1033.0602777961124,-3.409733155290318,-6323.929188940297,133.0
156,0.9984556,-822.2756531766715,-1033.0602777961124,-3.409733155290318,-6323.929188940297,133.0
157,0.9984457,-822.2756531766715,-1033.0602777961124,-3.409733155290318,-6323.929188940297,133.0
158,0.9984358,-822.2756531766715,-1033.0602777961124,-3.69921428161418,-6691.5362700462665,137.0
159,0.9984259,-822.2756531766715,-1033.0602777961124,-3.69921428161418,-6691.5362700462665,137.0
160,0.998416,-740.5453279356678,-930.2204722303809,-3.69921428161418,-6691.5362700462665,139.0
161,0.9984061,-740.5453279356678,-930.2204722303809,-3.69921428161418,-6691.5362700462665,139.0
162,0.9983962,-740.5453279356678,-930.2204722303809,-3.69921428161418,-6691.5362700462665,139.0
163,0.9983863,-740.5453279356678,-930.2204722303809,-3.69921428161418,-6691.5362700462665,139.0
164,0.9983764,-740.5453279356678,-930.2204722303809,-3.69921428161418,-6691.5362700462665,139.0
165,0.9983665,-740.5453279356678,-930.2204722303809,-3.69921428161418,-6691.5362700462665,139.0
166,0.9983566,-600.81002200171,-612.0453539975786,-4.131320320036968,-7022.38264304164,150.0
167,0.9983467,-541.2591578832682,-612.0453539975786,-4.131320320036968,-7022.38264304164,151.0
168,0.9983368,-487.6707574389544,-612.0453539975786,-4.131320320036968,-7022.38264304164,152.0
169,0.9983269,-487.6707574389544,-612.0453539975786,-4.131320320036968,-7022.38264304164,152.0
170,0.998317,-487.6707574389544,-612.0453539975786,-4.131320320036968,-7022.38264304164,152.0
171,0.9983071,-487.6707574389544,-612.0453539975786,-4.131320320036968,-7022.38264304164,152.0
172,0.9982972,-487.6707574389544,-612.0453539975786,-4.131320320036968,-7022.38264304164,152.0
173,0.9982873,-321.86601578946846,-496.7333290895259,-4.227188999716931,-7022.38264304164,159.0
174,0.9982774,-321.86601578946846,-496.7333290895259,-4.227188999716931,-7022.38264304164,159.0
175,0.9982675,-321.86601578946846,-496.7333290895259,-4.227188999716931,-7022.38264304164,159.0
176,0.9982576,-321.86601578946846,-496.7333290895259,-4.227188999716931,-7022.38264304164,159.0
177,0.9982477,-321.86601578946846,-496.7333290895259,-4.227188999716931,-7022.38264304164,159.0
178,0.9982378,-321.86601578946846,-496.7333290895259,-4.227188999716931,-7022.38264304164,159.0
179,0.9982279,-321.86601578946846,-496.7333290895259,-4.227188999716931,-7022.38264304164,159.0
180,0.998218,-321.86601578946846,-496.7333290895259,-4.384712268462893,-7022.38264304164,160.0
181,0.9982081,-290.2805293861716,-447.6035486086366,-4.48032755619443,-5689.270336615191,165.0
182,0.9981982,-290.2805293861716,-447.6035486086366,-4.48032755619443,-5689.270336615191,165.0
183,0.9981883,-290.2805293861716,-447.6035486086366,-4.48032755619443,-6120.343302953672,166.0
184,0.9981784,-290.2805293861716,-447.6035486086366,-4.48032755619443,-6120.343302953672,166.0
185,0.9981685,-290.2805293861716,-447.6035486086366,-4.48032755619443,-6120.343302953672,166.0
186,0.9981586,-290.2805293861716,-447.6035486086366,-4.48032755619443,-6120.343302953672,166.0
187,0.9981487,-290.2805293861716,-447.6035486086366,-4.48032755619443,-6120.343302953672,166.0
188,0.9981388,-290.2805293861716,-447.6035486086366,-4.48032755619443,-6120.343302953672,166.0
189,0.9981289,-290.2805293861716,-447.6035486086366,-4.48032755619443,-6120.343302953672,166.0
190,0.998119,-290.2805293861716,-403.38674617583615,-4.48032755619443,-6508.308972658305,168.0
191,0.9981091,-261.7960288756177,-363.59162398631577,-4.48032755619443,-5858.086363404266,171.0
192,0.9980992,-261.7960288756177,-363.59162398631577,-4.48032755619443,-5858.086363404266,171.0
193,0.9980893,-261.7960288756177,-363.59162398631577,-4.48032755619443,-5858.086363404266,171.0
194,0.9980794,-261.7960288756177,-363.59162398631577,-4.48032755619443,-5858.086363404266,171.0
195,0.9980695,-261.7960288756177,-363.59162398631577,-4.48032755619443,-5858.086363404266,171.0
196,0.9980596,-261.7960288756177,-363.59162398631577,-4.48032755619443,-5858.086363404266,171.0
197,0.9980497,-261.7960288756177,-363.59162398631577,-4.48032755619443,-5858.086363404266,171.0
198,0.9980398,-261.7960288756177,-363.59162398631577,-4.48032755619443,-5858.086363404266,171.0
199,0.9980299,-236.15997841611917,-1327.2324615876842,-4.48032755619443,-5858.086363404266,173.0
500,0.99505,-221.90222576846878,-796.2093925536832,-9.459869796328128,-7923.899752728929,449.0
1000,0.9901,-1384.9084216794809,-663.6524384232971,-11.55303853462948,-8034.568027682202,944.0
1500,0.98515,-645.7838833796128,-1717.0066055122447,-13.456777357397563,-8833.608218975616,1463.0
2000,0.9802,-960.381276684297,-2241.7880149113553,-13.311854079859001,-8808.678601633621,1965.0
2500,0.97525,-1412.288216575658,-892.033977143761,-15.00295429510134,-8076.619043789262,2403.0
3000,0.9703,-1243.1401815580261,-1467.6025644937154,-14.68239057749465,-7148.61727837316,2833.0
3500,0.96535,-787.9990110149191,-320.94156402506997,-12.124429750800136,-6996.128069749777,3290.0
4000,0.9604,-284.7771279338398,-2055.93659588875,-9.964766189858498,-8828.183425123449,3666.0
4500,0.95545,-1602.7962167663864,-667.4304655158841,-11.74914074350337,-7855.064553740115,4135.0
5000,0.9505,-2163.8576863518997,-85.1684536341277,-13.687597414680614,-8390.636078067244,4599.0
5500,0.94555,-1801.3982741846387,-1409.492587034265,-13.931548108233088,-7678.327792787263,4977.0
6000,0.9406,-716.175935296298,-1579.3950111814665,-12.894602510670309,-7756.455047062649,5386.0
6500,0.93565,-723.7784488022869,-1455.5812547207224,-12.188036689010712,-5907.911265433446,5722.0
7000,0.9307,-1301.8032838385006,-877.0008776463154,-12.757060198206188,-8337.918613484038,6089.0
7500,0.92575,-1808.4441530372178,-308.92504982825005,-10.03927457174543,-8541.082850580697,6453.0
8000,0.9208,-464.62558316252336,-2046.1735700206477,-12.29958479775624,-7824.641809799326,6800.0
8500,0.91585,-1338.4711844048882,-604.3327845791874,-12.06377215812254,-8343.999484291315,7138.0
9000,0.9109,-473.22186748611966,-1532.4613862845356,-13.951854074743789,-6977.749100539138,7521.0
9500,0.90595,-1203.8929604625994,-574.1557889725345,-11.399366558228722,-8599.695864036943,7832.0
10000,0.901,-2385.294732970323,-386.21777224879105,-10.352397456216535,-8828.657551480259,8092.0
10500,0.89605,-951.9337416231157,-1761.9534662236488,-11.596897729756689,-8993.932323151377,8390.0
11000,0.8911,-2180.737297981549,-1335.6508742560966,-12.024446444780327,-8790.284506990425,8657.0
11500,0.88615,-1412.1613578220765,-91.22090172086553,-12.434386263270497,-9318.565459360054,8916.0
12000,0.8812,-1934.3132791844337,-700.9252306226813,-15.584561660244749,-8643.34151363928,9168.0
12500,0.87625,-471.8409157101,-361.8666377493943,-14.4169499962449,-6704.642225881267,9405.0
13000,0.8713,-853.693717884838,-304.18411846257266,-16.425587845655702,-8323.864455300083,9602.0
13500,0.86635,-1615.4739575619874,-366.57336174375473,-13.675297711656778,-5713.694803622335,9882.0
14000,0.8613999999999999,-821.1429081028978,-699.4602191146187,-13.826785449776063,-8680.973074617585,10093.0
14500,0.85645,-761.023679383169,-483.7322275017633,-15.481534754252468,-8196.068362372302,10333.0
15000,0.8515,-1087.244368145693,-1061.5358446284938,-18.97335546488345,-7425.312309614427,10564.0
15500,0.84655,-159.96249698245413,-2072.8659583493513,-17.5492623601024,-7585.156868693344,10761.0
16000,0.8416,-1091.412246589301,-95.35190824168434,-12.689712895602849,-8447.199323520974,11014.0
16500,0.83665,-323.89124525753465,-493.80967529905763,-14.618680590092815,-8316.900301423673,11264.0
17000,0.8317,-1701.9581601267676,-2813.781764948283,-11.656508222608752,-7497.24848492091,11454.0
17500,0.82675,-2388.2732251828356,-867.1869552764318,-11.666979228180285,-8244.641957110378,11591.0
18000,0.8218,-1285.0413589268605,-829.6712900159232,-16.766737276748835,-8027.176274066348,11745.0
18500,0.81685,-3248.905529994763,-770.0672049016889,-13.337880113021527,-9460.524276512217,11876.0
19000,0.8119000000000001,-1069.8345258201498,-1629.4334775421223,-14.096957237835202,-9298.563797400606,12027.0
19500,0.8069500000000001,-1695.494684329239,-1426.1475680860003,-13.235923181211248,-7745.220481299126,12203.0
20000,0.802,-1140.6296886363261,-1322.2943310420242,-9.998310661662881,-7920.260149094483,12352.0
20500,0.79705,-1379.4008427999413,-2287.833813673581,-10.867717894205468,-8391.1978119771,12445.0
21000,0.7921,-2112.0957719992457,-1301.061813369032,-12.07843149994171,-7065.36293532852,12593.0
21500,0.78715,-1329.1383214640764,-1382.6418289831743,-11.791321646219457,-8034.481522843862,12712.0
22000,0.7822,-1851.960754205965,-1154.9297525092386,-13.600788314291828,-8277.69878317582,12854.0
22500,0.77725,-976.8578260056723,-585.3170991307853,-13.324070743280426,-7043.728826881368,12963.0
23000,0.7723,-585.7411111809082,-492.31974874817035,-12.697529439404535,-7259.4703574988625,13064.0
23500,0.76735,-1253.279761763693,-3913.607049716611,-10.62196512140049,-8190.575209119948,13155.0
24000,0.7624,-87.40978758554833,-823.0859890201593,-11.757890468518164,-8185.13297417605,13276.0
24500,0.75745,-1500.9436982151647,-1562.6523544474219,-11.544776955901677,-7202.98415994957,13359.0
25000,0.7525,-84.09121771262517,-679.9669490546711,-10.397295671162881,-8890.60891702438,13460.0
25500,0.7475499999999999,-2046.5506601091904,-1885.9410589087856,-11.750678588187032,-8251.030362896454,13587.0
26000,0.7425999999999999,-1040.1901708202631,-665.5084447336211,-10.775087108903,-9555.435384466153,13658.0
26500,0.7376499999999999,-1264.9686135290362,-591.2268568469958,-11.746100754757721,-7690.986844457178,13737.0
27000,0.7326999999999999,-1488.9033660721839,-1330.3009358566842,-13.850839049697369,-7965.556421446149,13862.0
27500,0.72775,-1113.1187021671974,-754.1954804270355,-14.207100052677864,-7663.41507975211,13932.0
28000,0.7228,-210.7067002748123,-802.6539020123411,-12.01120013894552,-7458.107347884858,14003.0
28500,0.7178500000000001,-1263.9645695473318,-2065.328345960014,-14.025526099911037,-8302.645589723721,14080.0
29000,0.7129000000000001,-1547.3393522225267,-1860.385616234002,-15.252946970806489,-8679.57938093091,14126.0
29500,0.7079500000000001,-397.07230180513966,-1386.141038703796,-13.004299602277476,-9237.124000157659,14204.0
30000,0.7030000000000001,-1919.895162381219,-428.9266955272518,-15.407578063858168,-9671.606896771906,14267.0
30500,0.6980500000000001,-1746.5847058299241,-175.17367914735058,-11.798517468004349,-8925.88507988412,14320.0
31000,0.6931,-2026.527546143361,-90.44907965388528,-11.888912557377862,-8001.135647402809,14388.0
31500,0.68815,-709.9885499012131,-46.57640621741407,-13.41757929487044,-7885.574778758676,14442.0
32000,0.6832,-1014.0852738649281,-753.4996929248412,-13.025478320384051,-9089.809274258614,14501.0
32500,0.67825,-948.1703704726795,-1421.3412235332537,-12.814583456602213,-8377.914947135981,14601.0
33000,0.6733,-2188.838600175214,-412.84625499967217,-15.89894904065846,-8960.268045587816,14668.0
33500,0.66835,-560.4682810802265,-1006.7740989596423,-18.385735769684125,-8603.249183869657,14732.0
34000,0.6634,-1271.451535647755,-2019.5072795866768,-16.49007623856982,-8676.915092527493,14778.0
34500,0.65845,-1870.4697022023247,-879.4755865330587,-16.639269225077616,-6115.2244636854375,14844.0
35000,0.6535,-1069.5149869128109,-1115.7205706263805,-15.858204141940659,-6722.648784640113,14902.0
35500,0.64855,-1104.785652681728,-2497.752019762088,-17.111534361162274,-7442.764207294089,14939.0
36000,0.6436,-1319.3816120399829,-1983.413459518577,-16.02786927584555,-7877.438004397134,14975.0
36500,0.6386499999999999,-1597.221057653443,-1062.4187897983825,-17.526588157901397,-7827.214824709627,15011.0
37000,0.6336999999999999,-1165.981590256352,-3237.641943513013,-16.823518813626425,-8044.493342238664,15026.0
37500,0.62875,-1525.811681125264,-1404.2929663548653,-18.144407762676956,-8305.859654642745,15071.0
38000,0.6238,-1902.2875834958845,-1836.9053019976986,-14.781023360198576,-8615.888226807656,15097.0
38500,0.61885,-1249.6969736991182,-1343.5486638361635,-15.713759092569418,-8454.744242542372,15121.0
39000,0.6139,-667.3129844630565,-353.1782541954437,-14.97182848391167,-8748.342836459322,15161.0
39500,0.60895,-1051.2990995964499,-146.08745711438513,-13.182279209003948,-9334.818065350779,15219.0
40000,0.604,-1185.2990845810873,-84.28759360212236,-13.331010930081149,-9515.082369640719,15259.0
40500,0.59905,-702.5031430577101,-71.12070203157184,-14.536521359984267,-7904.676504260586,15285.0
41000,0.5941000000000001,-1323.2949534319466,-48.303095710290776,-14.16843132679482,-7303.384421343396,15302.0
41500,0.5891500000000001,-785.3209972551804,-1040.516076320907,-14.682134980648367,-6816.352062736548,15317.0
42000,0.5842,-517.1831709575827,-1068.7704331178452,-17.78273161024663,-7558.4874745201005,15380.0
42500,0.57925,-420.16429804454754,-1767.6213471767605,-18.601214365893906,-8398.123632032639,15398.0
43000,0.5743,-378.7535093136793,-948.5664264379664,-18.005052251947276,-8421.093567743044,15438.0
43500,0.56935,-700.5569089863636,-378.75846940136654,-16.918269453292766,-7949.536263874588,15476.0
44000,0.5644,-461.70568413946614,-1279.192901957842,-17.663021054320975,-7949.536263874588,15492.0
44500,0.55945,-2662.042982567065,-2495.4953887493302,-18.749702539443426,-8505.211936364574,15540.0
45000,0.5545,-3376.68878414367,-3245.945849874397,-19.79964206282428,-8654.690742728117,15559.0
45500,0.54955,-2527.211641328527,-2136.478287063084,-17.918381060835564,-9205.608336673527,15603.0
46000,0.5446,-1660.2244192923984,-1733.9505411686791,-17.1606209327911,-8285.63526768965,15616.0
46500,0.53965,-1345.9203024647306,-1733.9505411686791,-16.216382388752027,-8285.63526768965,15621.0
47000,0.5347,-982.4764191621988,-1143.8259890758477,-17.95835473135672,-8066.693386084899,15653.0
47500,0.5297499999999999,-717.8161700328736,-1031.3375034103076,-18.367743361253577,-8260.024047476409,15663.0
48000,0.5248,-646.6049896260463,-930.146380205564,-18.937457734608955,-8266.872434790277,15678.0
48500,0.51985,-526.0145004272212,-930.146380205564,-16.73197402419306,-8440.18519131125,15688.0
49000,0.5149,-347.1362637778972,-1581.1027748503973,-16.010445203720444,-8736.550004962111,15715.0
49500,0.50995,-1181.6124092084983,-1424.6858464064508,-16.094434758516723,-8078.129518156294,15721.0
50000,0.505,-959.0693272139401,-1283.8170106823484,-15.148978954977558,-8270.316566340663,15729.0
50500,0.50005,-864.5237322764357,-2155.4353096141135,-12.740785695854308,-8978.639229258499,15754.0
51000,0.4951,-701.24347941021,-2155.4353096141135,-13.176210047387928,-9080.775306332649,15762.0
51500,0.49015,-512.6295934650734,-1575.2223512247697,-13.695852165428274,-9080.775306332649,15774.0
52000,0.48519999999999996,-461.7855826715735,-2833.3676240957157,-12.253902611996738,-9172.697775699384,15788.0
52500,0.48024999999999995,-375.08890478404544,-2297.566082135242,-12.150437423445691,-9457.207010636366,15804.0
53000,0.47529999999999994,-275.22746258499166,-2297.566082135242,-11.842023018405815,-8512.758669851552,15824.0
53500,0.47034999999999993,-182.1377001973651,-1863.6267703852927,-13.674944084126205,-8795.334522579757,15853.0
54000,0.4653999999999999,-182.1377001973651,-1362.3825109797097,-13.321877219979525,-9121.798866960642,15866.0
54500,0.4604499999999999,-149.46470315725506,-2065.9665077268833,-14.74670069657254,-9121.798866960642,15915.0
55000,0.4555,-149.46470315725506,-1676.446437795516,-14.26306089192868,-9288.65708223812,15925.0
55500,0.45055,-1908.974555500111,-1510.3392754597974,-14.52001458417251,-9359.791374014309,15934.0
56000,0.4456,-1908.974555500111,-2224.7585464218855,-13.791267741677936,-9359.791374014309,15940.0
56500,0.4406500000000001,-1908.974555500111,-2703.5538455922706,-14.4785285769005,-8424.273342663933,15951.0
57000,0.4357000000000001,-1547.3121597545564,-2703.5538455922706,-15.16031053030613,-8581.84600839754,15962.0
57500,0.4307500000000001,-1393.1186576461093,-2703.5538455922706,-14.536795125388382,-7725.2874504990705,15969.0
58000,0.42580000000000007,-1393.1186576461093,-2434.6607517614448,-13.3990490220977,-7158.987728887248,15982.0
58500,0.42085000000000006,-1254.4406722798913,-1974.8112648183585,-14.003440086976548,-7698.780060398671,15994.0
59000,0.41590000000000005,-1129.578969542881,-1974.8112648183585,-14.603613085481063,-8136.0118489229235,16004.0
59500,0.41095000000000004,-1129.578969542881,-1974.8112648183585,-14.774320462923187,-8322.41066403063,16007.0
60000,0.406,-1129.578969542881,-1974.8112648183585,-14.859546142460264,-6743.186966752311,16010.0
60500,0.40105,-1129.578969542881,-1974.8112648183585,-14.859546142460264,-6743.186966752311,16010.0
61000,0.3961,-1129.578969542881,-1974.8112648183585,-14.859546142460264,-6743.186966752311,16010.0
61500,0.39115,-1129.578969542881,-1974.8112648183585,-14.859546142460264,-6743.186966752311,16010.0
62000,0.3862,-1017.2070716830982,-1974.8112648183585,-14.859546142460264,-6743.186966752311,16011.0
62500,0.38125,-1017.2070716830982,-1974.8112648183585,-14.859546142460264,-6743.186966752311,16011.0
63000,0.37629999999999997,-1017.2070716830982,-1974.8112648183585,-14.859546142460264,-6743.186966752311,16011.0
63500,0.37134999999999996,-916.112192942289,-1974.8112648183585,-14.944686596317803,-6743.186966752311,16013.0
64000,0.36639999999999995,-916.112192942289,-1974.8112648183585,-14.944686596317803,-6743.186966752311,16013.0
64500,0.36144999999999994,-916.112192942289,-1974.8112648183585,-14.944686596317803,-6743.186966752311,16013.0
65000,0.35650000000000004,-916.112192942289,-1974.8112648183585,-15.029741909721485,-6463.410593073528,16016.0
65500,0.35155000000000003,-825.1254624970825,-1778.926494841136,-15.284397858188308,-6817.069533766175,16022.0
66000,0.3466,-669.5718745549307,-1778.926494841136,-16.629728907124445,-6137.0175862159585,16041.0
66500,0.34165,-669.5718745549307,-1602.8213743489455,-16.280929443711344,-6523.315827594362,16053.0
67000,0.3367,-669.5718745549307,-1602.8213743489455,-16.280929443711344,-6523.315827594362,16053.0
67500,0.33175,-669.5718745549307,-1602.8213743489455,-16.280929443711344,-6523.315827594362,16053.0
68000,0.3268,-669.5718745549307,-1602.8213743489455,-16.280929443711344,-6523.315827594362,16053.0
68500,0.32184999999999997,-669.5718745549307,-1602.8213743489455,-16.280929443711344,-6523.315827594362,16053.0
69000,0.31690000000000007,-669.5718745549307,-1602.8213743489455,-16.280929443711344,-6523.315827594362,16053.0
69500,0.31195000000000006,-669.5718745549307,-1602.8213743489455,-16.280929443711344,-6523.315827594362,16053.0
70000,0.30700000000000005,-603.101464043025,-1602.8213743489455,-15.357314637053076,-6523.315827594362,16058.0
70500,0.30205000000000004,-603.101464043025,-1602.8213743489455,-15.357314637053076,-6523.315827594362,16058.0
71000,0.29710000000000003,-543.4021204883672,-1602.8213743489455,-15.526515365093607,-6870.984244834926,16062.0
71500,0.29215,-543.4021204883672,-1602.8213743489455,-15.526515365093607,-6870.984244834926,16062.0
72000,0.2872,-543.4021204883672,-1602.8213743489455,-15.526515365093607,-6870.984244834926,16062.0
72500,0.28225,-543.4021204883672,-1602.8213743489455,-15.526515365093607,-6870.984244834926,16062.0
73000,0.2773,-543.4021204883672,-1602.8213743489455,-15.526515365093607,-6870.984244834926,16062.0
73500,0.27235,-543.4021204883672,-1602.8213743489455,-15.526515365093607,-6870.984244834926,16062.0
74000,0.26739999999999997,-543.4021204883672,-1602.8213743489455,-15.610988849728514,-7183.885820351434,16064.0
74500,0.26244999999999996,-543.4021204883672,-1602.8213743489455,-14.732651672814699,-7183.885820351434,16066.0
75000,0.25750000000000006,-489.6738502666874,-1602.8213743489455,-14.988198001018622,-7183.885820351434,16070.0
75500,0.25255000000000005,-489.6738502666874,-1602.8213743489455,-14.988198001018622,-7183.885820351434,16070.0
76000,0.24760000000000004,-489.6738502666874,-1602.8213743489455,-14.988198001018622,-7183.885820351434,16070.0
76500,0.24265000000000003,-489.6738502666874,-1602.8213743489455,-14.988198001018622,-7183.885820351434,16070.0
77000,0.23770000000000002,-489.6738502666874,-1602.8213743489455,-15.073209803017603,-7465.49723831629,16072.0
77500,0.23275,-489.6738502666874,-1602.8213743489455,-15.073209803017603,-7465.49723831629,16072.0
78000,0.2278,-489.6738502666874,-1602.8213743489455,-15.073209803017603,-7465.49723831629,16072.0
78500,0.22285,-489.6738502666874,-1602.8213743489455,-15.073209803017603,-7465.49723831629,16072.0
79000,0.21789999999999998,-489.6738502666874,-1602.8213743489455,-15.24297845662137,-7718.947514484661,16075.0
79500,0.21294999999999997,-489.6738502666874,-1602.8213743489455,-15.24297845662137,-7718.947514484661,16075.0
80000,0.20799999999999996,-489.6738502666874,-1602.8213743489455,-15.24297845662137,-7718.947514484661,16075.0
80500,0.20304999999999995,-489.6738502666874,-1602.8213743489455,-15.24297845662137,-7718.947514484661,16075.0
81000,0.19809999999999994,-489.6738502666874,-1602.8213743489455,-15.24297845662137,-7718.947514484661,16075.0
81500,0.19315000000000004,-489.6738502666874,-1602.8213743489455,-15.24297845662137,-7718.947514484661,16075.0
82000,0.18820000000000003,-489.6738502666874,-1602.8213743489455,-15.24297845662137,-7718.947514484661,16075.0
82500,0.18325000000000002,-489.6738502666874,-1602.8213743489455,-15.24297845662137,-7718.947514484661,16075.0
83000,0.17830000000000001,-489.6738502666874,-1602.8213743489455,-14.176475264944765,-7718.947514484661,16076.0
83500,0.17335,-489.6738502666874,-1602.8213743489455,-14.176475264944765,-7718.947514484661,16076.0
84000,0.1684,-489.6738502666874,-1602.8213743489455,-14.176475264944765,-7718.947514484661,16076.0
84500,0.16344999999999998,-489.6738502666874,-1602.8213743489455,-14.176475264944765,-7718.947514484661,16076.0
85000,0.15849999999999997,-489.6738502666874,-1602.8213743489455,-14.176475264944765,-7718.947514484661,16076.0
85500,0.15355000000000008,-489.6738502666874,-1602.8213743489455,-14.176475264944765,-7718.947514484661,16076.0
86000,0.14860000000000007,-489.6738502666874,-1602.8213743489455,-14.176475264944765,-7718.947514484661,16076.0
86500,0.14365000000000006,-489.6738502666874,-1602.8213743489455,-14.176475264944765,-7718.947514484661,16076.0
87000,0.13870000000000005,-489.6738502666874,-1602.8213743489455,-14.176475264944765,-7718.947514484661,16076.0
87500,0.13375000000000004,-489.6738502666874,-1602.8213743489455,-14.176475264944765,-7718.947514484661,16076.0
88000,0.12880000000000003,-489.6738502666874,-1602.8213743489455,-14.176475264944765,-7718.947514484661,16076.0
88500,0.12385000000000002,-489.6738502666874,-1602.8213743489455,-14.176475264944765,-7718.947514484661,16076.0
89000,0.1189,-489.6738502666874,-1602.8213743489455,-14.176475264944765,-7718.947514484661,16076.0
89500,0.11395,-489.6738502666874,-1602.8213743489455,-14.176475264944765,-7718.947514484661,16076.0
90000,0.10899999999999999,-489.6738502666874,-1602.8213743489455,-14.176475264944765,-7718.947514484661,16076.0
90500,0.10404999999999998,-489.6738502666874,-1602.8213743489455,-14.176475264944765,-7718.947514484661,16076.0
91000,0.09909999999999997,-489.6738502666874,-1602.8213743489455,-14.176475264944765,-7718.947514484661,16076.0
91500,0.09414999999999996,-489.6738502666874,-1602.8213743489455,-14.176475264944765,-7718.947514484661,16076.0
92000,0.08919999999999995,-489.6738502666874,-1602.8213743489455,-14.176475264944765,-7718.947514484661,16076.0
92500,0.08424999999999994,-489.6738502666874,-1602.8213743489455,-14.176475264944765,-7718.947514484661,16076.0
93000,0.07929999999999993,-489.6738502666874,-1602.8213743489455,-14.176475264944765,-7718.947514484661,16076.0
93500,0.07434999999999992,-489.6738502666874,-1602.8213743489455,-14.176475264944765,-7718.947514484661,16076.0
94000,0.06940000000000002,-489.6738502666874,-1602.8213743489455,-14.176475264944765,-7718.947514484661,16076.0
94500,0.06445000000000001,-489.6738502666874,-1602.8213743489455,-14.176475264944765,-7718.947514484661,16076.0
95000,0.0595,-489.6738502666874,-1602.8213743489455,-14.176475264944765,-7718.947514484661,16076.0
95500,0.0545500000000001,-489.6738502666874,-1602.8213743489455,-14.176475264944765,-7718.947514484661,16076.0
96000,0.04960000000000009,-489.6738502666874,-1602.8213743489455,-14.176475264944765,-7718.947514484661,16076.0
96500,0.04465000000000008,-489.6738502666874,-1602.8213743489455,-14.176475264944765,-7718.947514484661,16076.0
97000,0.03970000000000007,-489.6738502666874,-1602.8213743489455,-14.176475264944765,-7718.947514484661,16076.0
97500,0.03475000000000006,-489.6738502666874,-1602.8213743489455,-14.176475264944765,-7718.947514484661,16076.0
98000,0.02980000000000005,-489.6738502666874,-1602.8213743489455,-14.176475264944765,-7718.947514484661,16076.0
98500,0.02485000000000004,-489.6738502666874,-1602.8213743489455,-14.176475264944765,-7718.947514484661,16076.0
99000,0.01990000000000003,-489.6738502666874,-1602.8213743489455,-14.176475264944765,-7718.947514484661,16076.0
99500,0.014950000000000019,-489.6738502666874,-1602.8213743489455,-14.176475264944765,-7718.947514484661,16076.0
100000,0.01,-489.6738502666874,-1602.8213743489455,-14.176475264944765,-7718.947514484661,16076.0
100500,0.01,-489.6738502666874,-1602.8213743489455,-14.176475264944765,-7718.947514484661,16076.0
101000,0.01,-489.6738502666874,-1602.8213743489455,-14.176475264944765,-7718.947514484661,16076.0
101500,0.01,-489.6738502666874,-1602.8213743489455,-14.176475264944765,-7718.947514484661,16076.0
102000,0.01,-489.6738502666874,-1602.8213743489455,-14.176475264944765,-7718.947514484661,16076.0
102500,0.01,-489.6738502666874,-1602.8213743489455,-14.176475264944765,-7718.947514484661,16076.0
103000,0.01,-489.6738502666874,-1602.8213743489455,-14.176475264944765,-7718.947514484661,16076.0
103500,0.01,-489.6738502666874,-1602.8213743489455,-14.176475264944765,-7718.947514484661,16076.0
104000,0.01,-489.6738502666874,-1602.8213743489455,-14.176475264944765,-7718.947514484661,16076.0
104500,0.01,-489.6738502666874,-1602.8213743489455,-14.176475264944765,-7718.947514484661,16076.0
105000,0.01,-489.6738502666874,-1602.8213743489455,-14.176475264944765,-7718.947514484661,16076.0
105500,0.01,-489.6738502666874,-1602.8213743489455,-14.176475264944765,-7718.947514484661,16076.0
106000,0.01,-489.6738502666874,-1602.8213743489455,-14.176475264944765,-7718.947514484661,16076.0
106500,0.01,-489.6738502666874,-1602.8213743489455,-14.176475264944765,-7718.947514484661,16076.0
107000,0.01,-489.6738502666874,-1602.8213743489455,-14.176475264944765,-7718.947514484661,16076.0
107500,0.01,-489.6738502666874,-1602.8213743489455,-14.176475264944765,-7718.947514484661,16076.0
108000,0.01,-489.6738502666874,-1602.8213743489455,-14.176475264944765,-7718.947514484661,16076.0
108500,0.01,-489.6738502666874,-1602.8213743489455,-14.176475264944765,-7718.947514484661,16076.0
109000,0.01,-489.6738502666874,-1602.8213743489455,-14.176475264944765,-7718.947514484661,16076.0
109500,0.01,-489.6738502666874,-1602.8213743489455,-14.176475264944765,-7718.947514484661,16076.0
110000,0.01,-489.6738502666874,-1602.8213743489455,-14.176475264944765,-7718.947514484661,16076.0
110500,0.01,-489.6738502666874,-1602.8213743489455,-14.176475264944765,-7718.947514484661,16076.0
111000,0.01,-489.6738502666874,-1602.8213743489455,-14.176475264944765,-7718.947514484661,16076.0
111500,0.01,-489.6738502666874,-1602.8213743489455,-14.176475264944765,-7718.947514484661,16076.0
112000,0.01,-489.6738502666874,-1602.8213743489455,-14.176475264944765,-7718.947514484661,16076.0
112500,0.01,-489.6738502666874,-1602.8213743489455,-14.176475264944765,-7718.947514484661,16076.0
113000,0.01,-489.6738502666874,-1602.8213743489455,-14.176475264944765,-7718.947514484661,16076.0
113500,0.01,-489.6738502666874,-1602.8213743489455,-14.176475264944765,-7718.947514484661,16076.0
114000,0.01,-489.6738502666874,-1602.8213743489455,-14.176475264944765,-7718.947514484661,16076.0
114500,0.01,-489.6738502666874,-1602.8213743489455,-14.176475264944765,-7718.947514484661,16076.0
115000,0.01,-489.6738502666874,-1602.8213743489455,-14.176475264944765,-7718.947514484661,16076.0
115500,0.01,-489.6738502666874,-1602.8213743489455,-14.176475264944765,-7718.947514484661,16076.0
116000,0.01,-489.6738502666874,-1602.8213743489455,-14.176475264944765,-7718.947514484661,16076.0
116500,0.01,-489.6738502666874,-1602.8213743489455,-14.176475264944765,-7718.947514484661,16076.0
117000,0.01,-489.6738502666874,-1602.8213743489455,-14.176475264944765,-7718.947514484661,16076.0
117500,0.01,-489.6738502666874,-1602.8213743489455,-14.176475264944765,-7718.947514484661,16076.0
118000,0.01,-489.6738502666874,-1602.8213743489455,-14.176475264944765,-7718.947514484661,16076.0
118500,0.01,-489.6738502666874,-1602.8213743489455,-14.176475264944765,-7718.947514484661,16076.0
119000,0.01,-489.6738502666874,-1602.8213743489455,-14.176475264944765,-7718.947514484661,16076.0
119500,0.01,-489.6738502666874,-1602.8213743489455,-14.176475264944765,-7718.947514484661,16076.0
120000,0.01,-489.6738502666874,-1602.8213743489455,-14.176475264944765,-7718.947514484661,16076.0
120500,0.01,-489.6738502666874,-1602.8213743489455,-14.176475264944765,-7718.947514484661,16076.0
121000,0.01,-489.6738502666874,-1602.8213743489455,-14.176475264944765,-7718.947514484661,16076.0
121500,0.01,-489.6738502666874,-1602.8213743489455,-14.176475264944765,-7718.947514484661,16076.0
122000,0.01,-489.6738502666874,-1602.8213743489455,-14.176475264944765,-7718.947514484661,16076.0
122500,0.01,-489.6738502666874,-1602.8213743489455,-14.176475264944765,-7718.947514484661,16076.0
123000,0.01,-489.6738502666874,-1602.8213743489455,-14.176475264944765,-7718.947514484661,16076.0
123500,0.01,-489.6738502666874,-1602.8213743489455,-14.176475264944765,-7718.947514484661,16076.0
124000,0.01,-489.6738502666874,-1602.8213743489455,-14.176475264944765,-7718.947514484661,16076.0
124500,0.01,-489.6738502666874,-1602.8213743489455,-14.176475264944765,-7718.947514484661,16076.0
125000,0.01,-489.6738502666874,-1602.8213743489455,-14.176475264944765,-7718.947514484661,16076.0
125500,0.01,-489.6738502666874,-1602.8213743489455,-14.176475264944765,-7718.947514484661,16076.0
126000,0.01,-489.6738502666874,-1602.8213743489455,-14.176475264944765,-7718.947514484661,16076.0
126500,0.01,-489.6738502666874,-1602.8213743489455,-14.176475264944765,-7718.947514484661,16076.0
127000,0.01,-489.6738502666874,-1602.8213743489455,-14.176475264944765,-7718.947514484661,16076.0
127500,0.01,-489.6738502666874,-1602.8213743489455,-14.176475264944765,-7718.947514484661,16076.0
128000,0.01,-489.6738502666874,-1602.8213743489455,-14.176475264944765,-7718.947514484661,16076.0
128500,0.01,-489.6738502666874,-1602.8213743489455,-14.176475264944765,-7718.947514484661,16076.0
129000,0.01,-489.6738502666874,-1602.8213743489455,-14.176475264944765,-7718.947514484661,16076.0
129500,0.01,-489.6738502666874,-1602.8213743489455,-14.176475264944765,-7718.947514484661,16076.0
130000,0.01,-489.6738502666874,-1602.8213743489455,-14.176475264944765,-7718.947514484661,16076.0
130500,0.01,-489.6738502666874,-1602.8213743489455,-14.176475264944765,-7718.947514484661,16076.0
131000,0.01,-489.6738502666874,-1602.8213743489455,-14.176475264944765,-7718.947514484661,16076.0
131500,0.01,-489.6738502666874,-1602.8213743489455,-14.176475264944765,-7718.947514484661,16076.0
132000,0.01,-489.6738502666874,-1602.8213743489455,-14.176475264944765,-7718.947514484661,16076.0
132500,0.01,-489.6738502666874,-1602.8213743489455,-14.176475264944765,-7718.947514484661,16076.0
133000,0.01,-489.6738502666874,-1602.8213743489455,-14.176475264944765,-7718.947514484661,16076.0
133500,0.01,-489.6738502666874,-1602.8213743489455,-14.176475264944765,-7718.947514484661,16076.0
134000,0.01,-489.6738502666874,-1602.8213743489455,-14.176475264944765,-7718.947514484661,16076.0
134500,0.01,-489.6738502666874,-1602.8213743489455,-14.176475264944765,-7718.947514484661,16076.0
135000,0.01,-489.6738502666874,-1602.8213743489455,-14.176475264944765,-7718.947514484661,16076.0
135500,0.01,-489.6738502666874,-1602.8213743489455,-14.176475264944765,-7718.947514484661,16076.0
136000,0.01,-489.6738502666874,-1602.8213743489455,-14.176475264944765,-7718.947514484661,16076.0
136500,0.01,-489.6738502666874,-1602.8213743489455,-14.176475264944765,-7718.947514484661,16076.0
137000,0.01,-489.6738502666874,-1602.8213743489455,-14.176475264944765,-7718.947514484661,16076.0
137500,0.01,-489.6738502666874,-1602.8213743489455,-14.176475264944765,-7718.947514484661,16076.0
138000,0.01,-489.6738502666874,-1602.8213743489455,-14.176475264944765,-7718.947514484661,16076.0
138500,0.01,-489.6738502666874,-1602.8213743489455,-14.176475264944765,-7718.947514484661,16076.0
139000,0.01,-489.6738502666874,-1602.8213743489455,-14.176475264944765,-7718.947514484661,16076.0
139500,0.01,-489.6738502666874,-1602.8213743489455,-14.176475264944765,-7718.947514484661,16076.0
140000,0.01,-489.6738502666874,-1602.8213743489455,-14.176475264944765,-7718.947514484661,16076.0
140500,0.01,-489.6738502666874,-1602.8213743489455,-14.176475264944765,-7718.947514484661,16076.0
141000,0.01,-489.6738502666874,-1602.8213743489455,-14.176475264944765,-7718.947514484661,16076.0
141500,0.01,-489.6738502666874,-1602.8213743489455,-14.176475264944765,-7718.947514484661,16076.0
142000,0.01,-489.6738502666874,-1602.8213743489455,-14.176475264944765,-7718.947514484661,16076.0
142500,0.01,-489.6738502666874,-1602.8213743489455,-14.176475264944765,-7718.947514484661,16076.0
143000,0.01,-489.6738502666874,-1602.8213743489455,-14.99806361408435,-7718.947514484661,16099.0
143500,0.01,-489.6738502666874,-1602.8213743489455,-14.99806361408435,-7718.947514484661,16099.0
144000,0.01,-489.6738502666874,-1602.8213743489455,-14.99806361408435,-7718.947514484661,16099.0
144500,0.01,-489.6738502666874,-1602.8213743489455,-14.99806361408435,-7718.947514484661,16099.0
145000,0.01,-489.6738502666874,-1602.8213743489455,-14.99806361408435,-7718.947514484661,16099.0
145500,0.01,-489.6738502666874,-1602.8213743489455,-14.99806361408435,-7718.947514484661,16099.0
146000,0.01,-489.6738502666874,-1602.8213743489455,-14.99806361408435,-7718.947514484661,16099.0
146500,0.01,-489.6738502666874,-1602.8213743489455,-14.99806361408435,-7718.947514484661,16099.0
147000,0.01,-489.6738502666874,-1602.8213743489455,-14.99806361408435,-7718.947514484661,16099.0
147500,0.01,-489.6738502666874,-1602.8213743489455,-14.99806361408435,-7718.947514484661,16099.0
148000,0.01,-489.6738502666874,-1602.8213743489455,-14.99806361408435,-7718.947514484661,16099.0
148500,0.01,-489.6738502666874,-1602.8213743489455,-14.99806361408435,-7718.947514484661,16099.0
149000,0.01,-489.6738502666874,-1602.8213743489455,-14.99806361408435,-7718.947514484661,16099.0
149500,0.01,-489.6738502666874,-1602.8213743489455,-14.99806361408435,-7718.947514484661,16099.0
